Local Authority,Cancer screening coverage: bowel cancer 2023 Proportion %,"Mortality rate from colorectal cancer, all ages (Persons) 2021-23 Directly standardised rate - per 100,000"
Burnley,70.1,31.1
Hyndburn ,68.6,28.8
Pendle,69.8,18.9
Ribble Valley,78.9,21.7
Rossendale,72.1,30.8
West Lancashire,72.2,31.1
Lancaster,73.8,22.7
Preston,68.1,23.6
South Ribble,75.3,24
Fylde,76.3,27.2
Wyre,75.1,26.2
Chorley,73.4,28.5