Local Authority,Index of Multiple Deprivation (IMD) Score (2019),"Cancer Screening Coverage: breast cancer 2023 (%)(Female, 53-70 yrs)"
Burnley,37.8,67.5
Hyndburn,34.3,64.6
Pendle,30.7,62.6
Ribble Valley,10.6,78.9
Rossendale,24.1,70.4
West Lancashire,18.6,69.1
Lancaster,24.2,69.6
Preston,29.5,61.8
South Ribble,15.3,71.1
Fylde,15.9,70
Wyre,20.9,69.3
Chorley,16.9,68.4